name,radius,y
House1,15,600
House2,15,750
House3,15,800
House4,15,900
House5,15,1000
House6,15,900
House7,15,700
House8,15,900
House9,15,800
House10,15,1000
House11,15,700
House12,15,600
House13,15,1000
House14,15,800
House15,15,700
House16,15,800
House17,15,700
House18,15,700
House19,15,900
House20,15,600
House21,15,900
House22,15,900
House23,15,800
House24,15,700
House25,15,900
