name,radius,x,y
House1,15,500,600
House20,15,536,600
House12,15,461,600
House18,15,500,700
House17,15,536,700
House24,15,461,700
House15,15,572,700
House7,15,425,700
House11,15,608,700
House2,15,389,750
House9,15,500,800
House14,15,536,800
House23,15,461,800
House16,15,572,800
House3,15,425,800
House21,15,500,900
House22,15,536,900
House25,15,461,900
House19,15,572,900
House8,15,425,900
House6,15,608,900
House4,15,389,900
House13,15,500,1000
House10,15,536,1000
House5,15,461,1000
